timeStamp,elapsed,label,responseCode,responseMessage,threadName,dataType,success,failureMessage,bytes,sentBytes,grpThreads,allThreads,URL,Latency,IdleTime,Connect
1620521661313,2839,HTTP Request,200,,Thread Group 1-41,text,true,,228,216,500,500,http://34.71.253.86/yelpdata/elite/2010,2839,0,59
1620521661320,4074,HTTP Request,200,,Thread Group 1-44,text,true,,228,216,499,499,http://34.71.253.86/yelpdata/elite/2010,4074,0,58
1620521661259,4348,HTTP Request,200,,Thread Group 1-13,text,true,,228,216,498,498,http://34.71.253.86/yelpdata/elite/2010,4348,0,63
1620521661249,5466,HTTP Request,200,,Thread Group 1-9,text,true,,228,216,497,497,http://34.71.253.86/yelpdata/elite/2010,5466,0,62
1620521661305,6125,HTTP Request,200,,Thread Group 1-36,text,true,,228,216,496,496,http://34.71.253.86/yelpdata/elite/2010,6125,0,57
1620521661259,6336,HTTP Request,200,,Thread Group 1-14,text,true,,228,216,495,495,http://34.71.253.86/yelpdata/elite/2010,6336,0,58
1620521661293,6650,HTTP Request,200,,Thread Group 1-30,text,true,,228,216,494,494,http://34.71.253.86/yelpdata/elite/2010,6650,0,60
1620521661326,6757,HTTP Request,200,,Thread Group 1-46,text,true,,228,216,493,493,http://34.71.253.86/yelpdata/elite/2010,6757,0,61
1620521661254,7874,HTTP Request,200,,Thread Group 1-11,text,true,,228,216,492,492,http://34.71.253.86/yelpdata/elite/2010,7871,0,61
1620521661297,7875,HTTP Request,200,,Thread Group 1-32,text,true,,228,216,491,491,http://34.71.253.86/yelpdata/elite/2010,7875,0,56
1620521661388,7803,HTTP Request,200,,Thread Group 1-79,text,true,,228,216,490,490,http://34.71.253.86/yelpdata/elite/2010,7802,0,59
1620521661271,8466,HTTP Request,200,,Thread Group 1-20,text,true,,228,216,489,489,http://34.71.253.86/yelpdata/elite/2010,8466,0,56
1620521661283,9779,HTTP Request,200,,Thread Group 1-25,text,true,,228,216,488,488,http://34.71.253.86/yelpdata/elite/2010,9779,0,62
1620521661286,9800,HTTP Request,200,,Thread Group 1-27,text,true,,228,216,487,487,http://34.71.253.86/yelpdata/elite/2010,9800,0,59
1620521661231,9855,HTTP Request,200,,Thread Group 1-1,text,true,,228,216,487,487,http://34.71.253.86/yelpdata/elite/2010,9855,0,65
1620521661352,9736,HTTP Request,200,,Thread Group 1-60,text,true,,228,216,485,485,http://34.71.253.86/yelpdata/elite/2010,9736,0,54
1620521661313,9775,HTTP Request,200,,Thread Group 1-40,text,true,,228,216,485,485,http://34.71.253.86/yelpdata/elite/2010,9775,0,58
1620521661261,9830,HTTP Request,200,,Thread Group 1-16,text,true,,228,216,483,483,http://34.71.253.86/yelpdata/elite/2010,9830,0,56
1620521661293,10209,HTTP Request,200,,Thread Group 1-31,text,true,,228,216,482,482,http://34.71.253.86/yelpdata/elite/2010,10209,0,58
1620521661518,10008,HTTP Request,200,,Thread Group 1-142,text,true,,228,216,481,481,http://34.71.253.86/yelpdata/elite/2010,10008,0,51
1620521661340,11549,HTTP Request,200,,Thread Group 1-54,text,true,,228,216,480,480,http://34.71.253.86/yelpdata/elite/2010,11549,0,56
1620521661302,11587,HTTP Request,200,,Thread Group 1-35,text,true,,228,216,480,480,http://34.71.253.86/yelpdata/elite/2010,11587,0,60
1620521661332,11557,HTTP Request,200,,Thread Group 1-50,text,true,,228,216,480,480,http://34.71.253.86/yelpdata/elite/2010,11557,0,58
1620521661237,11652,HTTP Request,200,,Thread Group 1-4,text,true,,228,216,480,480,http://34.71.253.86/yelpdata/elite/2010,11652,0,67
1620521661346,11560,HTTP Request,200,,Thread Group 1-57,text,true,,228,216,476,476,http://34.71.253.86/yelpdata/elite/2010,11560,0,60
1620521661259,12216,HTTP Request,200,,Thread Group 1-15,text,true,,228,216,475,475,http://34.71.253.86/yelpdata/elite/2010,12216,0,57
1620521661278,12197,HTTP Request,200,,Thread Group 1-23,text,true,,228,216,475,475,http://34.71.253.86/yelpdata/elite/2010,12197,0,58
1620521661334,12141,HTTP Request,200,,Thread Group 1-51,text,true,,228,216,475,475,http://34.71.253.86/yelpdata/elite/2010,12141,0,54
1620521661329,12309,HTTP Request,200,,Thread Group 1-48,text,true,,228,216,472,472,http://34.71.253.86/yelpdata/elite/2010,12309,0,58
1620521661244,12467,HTTP Request,200,,Thread Group 1-7,text,true,,228,216,471,471,http://34.71.253.86/yelpdata/elite/2010,12467,0,60
1620521661453,12482,HTTP Request,200,,Thread Group 1-110,text,true,,228,216,470,470,http://34.71.253.86/yelpdata/elite/2010,12482,0,61
1620521661241,12729,HTTP Request,200,,Thread Group 1-5,text,true,,228,216,469,469,http://34.71.253.86/yelpdata/elite/2010,12729,0,63
1620521661286,12684,HTTP Request,200,,Thread Group 1-28,text,true,,228,216,469,469,http://34.71.253.86/yelpdata/elite/2010,12684,0,59
1620521661292,12682,HTTP Request,200,,Thread Group 1-29,text,true,,228,216,467,467,http://34.71.253.86/yelpdata/elite/2010,12682,0,59
1620521661310,12719,HTTP Request,200,,Thread Group 1-39,text,true,,228,216,466,466,http://34.71.253.86/yelpdata/elite/2010,12719,0,61
1620521661432,12615,HTTP Request,200,,Thread Group 1-100,text,true,,228,216,465,465,http://34.71.253.86/yelpdata/elite/2010,12614,0,70
1620521661301,12761,HTTP Request,200,,Thread Group 1-34,text,true,,228,216,464,464,http://34.71.253.86/yelpdata/elite/2010,12761,0,59
1620521661235,13157,HTTP Request,200,,Thread Group 1-3,text,true,,228,216,463,463,http://34.71.253.86/yelpdata/elite/2010,13157,0,62
1620521661366,13279,HTTP Request,200,,Thread Group 1-66,text,true,,228,216,462,462,http://34.71.253.86/yelpdata/elite/2010,13279,0,59
1620521661368,13278,HTTP Request,200,,Thread Group 1-68,text,true,,228,216,461,461,http://34.71.253.86/yelpdata/elite/2010,13278,0,52
1620521661446,14121,HTTP Request,200,,Thread Group 1-107,text,true,,228,216,460,460,http://34.71.253.86/yelpdata/elite/2010,14120,0,56
1620521661418,14149,HTTP Request,200,,Thread Group 1-93,text,true,,228,216,460,460,http://34.71.253.86/yelpdata/elite/2010,14149,0,56
1620521661361,15193,HTTP Request,200,,Thread Group 1-64,text,true,,228,216,458,458,http://34.71.253.86/yelpdata/elite/2010,15193,0,59
1620521661317,15251,HTTP Request,200,,Thread Group 1-42,text,true,,228,216,457,457,http://34.71.253.86/yelpdata/elite/2010,15251,0,61
1620521661468,15100,HTTP Request,200,,Thread Group 1-117,text,true,,228,216,457,457,http://34.71.253.86/yelpdata/elite/2010,15100,0,53
1620521661322,15246,HTTP Request,200,,Thread Group 1-45,text,true,,228,216,457,457,http://34.71.253.86/yelpdata/elite/2010,15246,0,56
1620521661351,15217,HTTP Request,200,,Thread Group 1-59,text,true,,228,216,457,457,http://34.71.253.86/yelpdata/elite/2010,15217,0,54
1620521661233,15335,HTTP Request,200,,Thread Group 1-2,text,true,,228,216,457,457,http://34.71.253.86/yelpdata/elite/2010,15335,0,64
1620521661623,15331,HTTP Request,200,,Thread Group 1-196,text,true,,228,216,452,452,http://34.71.253.86/yelpdata/elite/2010,15331,0,59
1620521661274,15680,HTTP Request,200,,Thread Group 1-22,text,true,,228,216,452,452,http://34.71.253.86/yelpdata/elite/2010,15680,0,58
1620521661419,15535,HTTP Request,200,,Thread Group 1-94,text,true,,228,216,452,452,http://34.71.253.86/yelpdata/elite/2010,15535,0,63
1620521661406,15548,HTTP Request,200,,Thread Group 1-87,text,true,,228,216,452,452,http://34.71.253.86/yelpdata/elite/2010,15548,0,53
1620521661537,15418,HTTP Request,200,,Thread Group 1-154,text,true,,228,216,448,448,http://34.71.253.86/yelpdata/elite/2010,15417,0,58
1620521661381,15574,HTTP Request,200,,Thread Group 1-74,text,true,,228,216,448,448,http://34.71.253.86/yelpdata/elite/2010,15574,0,56
1620521661385,15570,HTTP Request,200,,Thread Group 1-77,text,true,,228,216,448,448,http://34.71.253.86/yelpdata/elite/2010,15570,0,54
1620521661305,15650,HTTP Request,200,,Thread Group 1-37,text,true,,228,216,448,448,http://34.71.253.86/yelpdata/elite/2010,15650,0,57
1620521661386,15569,HTTP Request,200,,Thread Group 1-78,text,true,,228,216,448,448,http://34.71.253.86/yelpdata/elite/2010,15569,0,56
1620521661360,15808,HTTP Request,200,,Thread Group 1-63,text,true,,228,216,443,443,http://34.71.253.86/yelpdata/elite/2010,15808,0,53
1620521661265,16129,HTTP Request,200,,Thread Group 1-18,text,true,,228,216,442,442,http://34.71.253.86/yelpdata/elite/2010,16129,0,59
1620521661432,15962,HTTP Request,200,,Thread Group 1-101,text,true,,228,216,442,442,http://34.71.253.86/yelpdata/elite/2010,15962,0,55
1620521661394,16000,HTTP Request,200,,Thread Group 1-82,text,true,,228,216,442,442,http://34.71.253.86/yelpdata/elite/2010,16000,0,54
1620521661441,15953,HTTP Request,200,,Thread Group 1-104,text,true,,228,216,442,442,http://34.71.253.86/yelpdata/elite/2010,15953,0,61
1620521661473,16057,HTTP Request,200,,Thread Group 1-120,text,true,,228,216,438,438,http://34.71.253.86/yelpdata/elite/2010,16057,0,57
1620521661646,16231,HTTP Request,200,,Thread Group 1-207,text,true,,228,216,437,437,http://34.71.253.86/yelpdata/elite/2010,16231,0,52
1620521661555,16322,HTTP Request,200,,Thread Group 1-162,text,true,,228,216,437,437,http://34.71.253.86/yelpdata/elite/2010,16322,0,50
1620521661241,16927,HTTP Request,200,,Thread Group 1-6,text,true,,228,216,435,435,http://34.71.253.86/yelpdata/elite/2010,16924,0,63
1620521661484,16684,HTTP Request,200,,Thread Group 1-126,text,true,,228,216,435,435,http://34.71.253.86/yelpdata/elite/2010,16684,0,65
1620521661591,17516,HTTP Request,200,,Thread Group 1-181,text,true,,228,216,433,433,http://34.71.253.86/yelpdata/elite/2010,17516,0,54
1620521661377,17730,HTTP Request,200,,Thread Group 1-72,text,true,,228,216,433,433,http://34.71.253.86/yelpdata/elite/2010,17730,0,60
1620521661425,17682,HTTP Request,200,,Thread Group 1-96,text,true,,228,216,433,433,http://34.71.253.86/yelpdata/elite/2010,17682,0,57
1620521661601,17506,HTTP Request,200,,Thread Group 1-184,text,true,,228,216,433,433,http://34.71.253.86/yelpdata/elite/2010,17506,0,55
1620521661444,17768,HTTP Request,200,,Thread Group 1-105,text,true,,228,216,429,429,http://34.71.253.86/yelpdata/elite/2010,17768,0,58
1620521661469,17781,HTTP Request,200,,Thread Group 1-119,text,true,,228,216,428,428,http://34.71.253.86/yelpdata/elite/2010,17779,0,62
1620521661618,17632,HTTP Request,200,,Thread Group 1-194,text,true,,228,216,428,428,http://34.71.253.86/yelpdata/elite/2010,17632,0,64
1620521661418,17837,HTTP Request,200,,Thread Group 1-92,text,true,,228,216,426,426,http://34.71.253.86/yelpdata/elite/2010,17837,0,54
1620521661809,17480,HTTP Request,200,,Thread Group 1-289,text,true,,228,216,425,425,http://34.71.253.86/yelpdata/elite/2010,17480,0,57
1620521661569,17879,HTTP Request,200,,Thread Group 1-168,text,true,,228,216,424,424,http://34.71.253.86/yelpdata/elite/2010,17879,0,60
1620521661601,17847,HTTP Request,200,,Thread Group 1-185,text,true,,228,216,424,424,http://34.71.253.86/yelpdata/elite/2010,17847,0,59
1620521661527,17991,HTTP Request,200,,Thread Group 1-148,text,true,,228,216,422,422,http://34.71.253.86/yelpdata/elite/2010,17991,0,50
1620521661553,17965,HTTP Request,200,,Thread Group 1-160,text,true,,228,216,422,422,http://34.71.253.86/yelpdata/elite/2010,17965,0,58
1620521661389,18130,HTTP Request,200,,Thread Group 1-80,text,true,,228,216,421,421,http://34.71.253.86/yelpdata/elite/2010,18130,0,58
1620521661281,18242,HTTP Request,200,,Thread Group 1-24,text,true,,228,216,419,419,http://34.71.253.86/yelpdata/elite/2010,18242,0,57
1620521661745,17778,HTTP Request,200,,Thread Group 1-258,text,true,,228,216,419,419,http://34.71.253.86/yelpdata/elite/2010,17778,0,53
1620521661613,17918,HTTP Request,200,,Thread Group 1-191,text,true,,228,216,417,417,http://34.71.253.86/yelpdata/elite/2010,17918,0,65
1620521661606,18095,HTTP Request,200,,Thread Group 1-187,text,true,,228,216,416,416,http://34.71.253.86/yelpdata/elite/2010,18095,0,65
1620521661489,18272,HTTP Request,200,,Thread Group 1-129,text,true,,228,216,415,415,http://34.71.253.86/yelpdata/elite/2010,18272,0,60
1620521661910,17867,HTTP Request,200,,Thread Group 1-338,text,true,,228,216,414,414,http://34.71.253.86/yelpdata/elite/2010,17867,0,51
1620521661684,18146,HTTP Request,200,,Thread Group 1-225,text,true,,228,216,413,413,http://34.71.253.86/yelpdata/elite/2010,18146,0,58
1620521661394,18437,HTTP Request,200,,Thread Group 1-81,text,true,,228,216,412,412,http://34.71.253.86/yelpdata/elite/2010,18437,0,53
1620521661372,18604,HTTP Request,200,,Thread Group 1-70,text,true,,228,216,411,411,http://34.71.253.86/yelpdata/elite/2010,18604,0,57
1620521661568,18426,HTTP Request,200,,Thread Group 1-167,text,true,,228,216,410,410,http://34.71.253.86/yelpdata/elite/2010,18425,0,61
1620521661414,18620,HTTP Request,200,,Thread Group 1-91,text,true,,228,216,409,409,http://34.71.253.86/yelpdata/elite/2010,18620,0,60
1620521661436,18630,HTTP Request,200,,Thread Group 1-103,text,true,,228,216,408,408,http://34.71.253.86/yelpdata/elite/2010,18625,0,66
1620521661353,18775,HTTP Request,200,,Thread Group 1-62,text,true,,228,216,407,407,http://34.71.253.86/yelpdata/elite/2010,18775,0,60
1620521661522,18608,HTTP Request,200,,Thread Group 1-146,text,true,,228,216,406,406,http://34.71.253.86/yelpdata/elite/2010,18608,0,56
1620521661449,18803,HTTP Request,200,,Thread Group 1-108,text,true,,228,216,405,405,http://34.71.253.86/yelpdata/elite/2010,18803,0,53
1620521661985,18966,HTTP Request,200,,Thread Group 1-377,text,true,,228,216,404,404,http://34.71.253.86/yelpdata/elite/2010,18966,0,61
1620521661745,19206,HTTP Request,200,,Thread Group 1-257,text,true,,228,216,404,404,http://34.71.253.86/yelpdata/elite/2010,19206,0,54
1620521661777,19174,HTTP Request,200,,Thread Group 1-272,text,true,,228,216,404,404,http://34.71.253.86/yelpdata/elite/2010,19174,0,60
1620521661831,19120,HTTP Request,200,,Thread Group 1-300,text,true,,228,216,404,404,http://34.71.253.86/yelpdata/elite/2010,19120,0,59
1620521661476,19475,HTTP Request,200,,Thread Group 1-122,text,true,,228,216,404,404,http://34.71.253.86/yelpdata/elite/2010,19475,0,55
1620521661283,19668,HTTP Request,200,,Thread Group 1-26,text,true,,228,216,404,404,http://34.71.253.86/yelpdata/elite/2010,19668,0,55
1620521661401,19563,HTTP Request,200,,Thread Group 1-84,text,true,,228,216,398,398,http://34.71.253.86/yelpdata/elite/2010,19563,0,52
1620521661902,19064,HTTP Request,200,,Thread Group 1-335,text,true,,228,216,397,397,http://34.71.253.86/yelpdata/elite/2010,19062,0,53
1620521661638,19328,HTTP Request,200,,Thread Group 1-203,text,true,,228,216,397,397,http://34.71.253.86/yelpdata/elite/2010,19328,0,56
1620521661258,19708,HTTP Request,200,,Thread Group 1-12,text,true,,228,216,397,397,http://34.71.253.86/yelpdata/elite/2010,19708,0,58
1620521661511,19554,HTTP Request,200,,Thread Group 1-140,text,true,,228,216,394,394,http://34.71.253.86/yelpdata/elite/2010,19554,0,57
1620521661702,19363,HTTP Request,200,,Thread Group 1-236,text,true,,228,216,394,394,http://34.71.253.86/yelpdata/elite/2010,19363,0,55
1620521661410,20214,HTTP Request,200,,Thread Group 1-88,text,true,,228,216,392,392,http://34.71.253.86/yelpdata/elite/2010,20214,0,59
1620521661457,20167,HTTP Request,200,,Thread Group 1-113,text,true,,228,216,392,392,http://34.71.253.86/yelpdata/elite/2010,20167,0,57
1620521661431,20282,HTTP Request,200,,Thread Group 1-99,text,true,,228,216,390,390,http://34.71.253.86/yelpdata/elite/2010,20282,0,56
1620521661580,20133,HTTP Request,200,,Thread Group 1-173,text,true,,228,216,390,390,http://34.71.253.86/yelpdata/elite/2010,20133,0,53
1620521661569,20171,HTTP Request,200,,Thread Group 1-170,text,true,,228,216,388,388,http://34.71.253.86/yelpdata/elite/2010,20170,0,60
1620521661463,20278,HTTP Request,200,,Thread Group 1-115,text,true,,228,216,387,387,http://34.71.253.86/yelpdata/elite/2010,20278,0,58
1620521661687,20055,HTTP Request,200,,Thread Group 1-227,text,true,,228,216,386,386,http://34.71.253.86/yelpdata/elite/2010,20055,0,57
1620521661563,20185,HTTP Request,200,,Thread Group 1-165,text,true,,228,216,385,385,http://34.71.253.86/yelpdata/elite/2010,20185,0,66
1620521661846,19902,HTTP Request,200,,Thread Group 1-307,text,true,,228,216,384,384,http://34.71.253.86/yelpdata/elite/2010,19902,0,55
1620521661469,20279,HTTP Request,200,,Thread Group 1-118,text,true,,228,216,384,384,http://34.71.253.86/yelpdata/elite/2010,20279,0,62
1620521661726,20024,HTTP Request,200,,Thread Group 1-247,text,true,,228,216,382,382,http://34.71.253.86/yelpdata/elite/2010,20024,0,57
1620521661532,20589,HTTP Request,200,,Thread Group 1-152,text,true,,228,216,381,381,http://34.71.253.86/yelpdata/elite/2010,20589,0,59
1620521661671,20451,HTTP Request,200,,Thread Group 1-220,text,true,,228,216,381,381,http://34.71.253.86/yelpdata/elite/2010,20451,0,62
1620521661831,20458,HTTP Request,200,,Thread Group 1-299,text,true,,228,216,379,379,http://34.71.253.86/yelpdata/elite/2010,20458,0,58
1620521661501,20788,HTTP Request,200,,Thread Group 1-135,text,true,,228,216,379,379,http://34.71.253.86/yelpdata/elite/2010,20788,0,59
1620521661583,21063,HTTP Request,200,,Thread Group 1-175,text,true,,228,216,377,377,http://34.71.253.86/yelpdata/elite/2010,21063,0,50
1620521661560,21256,HTTP Request,200,,Thread Group 1-164,text,true,,228,216,376,376,http://34.71.253.86/yelpdata/elite/2010,21256,0,68
1620521661768,21064,HTTP Request,200,,Thread Group 1-269,text,true,,228,216,375,375,http://34.71.253.86/yelpdata/elite/2010,21061,0,53
1620521661879,20953,HTTP Request,200,,Thread Group 1-325,text,true,,228,216,374,374,http://34.71.253.86/yelpdata/elite/2010,20950,0,57
1620521661911,20922,HTTP Request,200,,Thread Group 1-340,text,true,,228,216,373,373,http://34.71.253.86/yelpdata/elite/2010,20919,0,50
1620521661500,21335,HTTP Request,200,,Thread Group 1-133,text,true,,228,216,372,372,http://34.71.253.86/yelpdata/elite/2010,21335,0,59
1620521661463,21373,HTTP Request,200,,Thread Group 1-116,text,true,,228,216,372,372,http://34.71.253.86/yelpdata/elite/2010,21372,0,57
1620521661905,20931,HTTP Request,200,,Thread Group 1-336,text,true,,228,216,370,370,http://34.71.253.86/yelpdata/elite/2010,20931,0,57
1620521661479,21926,HTTP Request,200,,Thread Group 1-125,text,true,,228,216,369,369,http://34.71.253.86/yelpdata/elite/2010,21926,0,52
1620521661826,21579,HTTP Request,200,,Thread Group 1-296,text,true,,228,216,369,369,http://34.71.253.86/yelpdata/elite/2010,21579,0,52
1620521661857,21548,HTTP Request,200,,Thread Group 1-313,text,true,,228,216,369,369,http://34.71.253.86/yelpdata/elite/2010,21548,0,55
1620521661422,22118,HTTP Request,200,,Thread Group 1-95,text,true,,228,216,366,366,http://34.71.253.86/yelpdata/elite/2010,22118,0,60
1620521661435,22174,HTTP Request,200,,Thread Group 1-102,text,true,,228,216,365,365,http://34.71.253.86/yelpdata/elite/2010,22174,0,52
1620521661878,22210,HTTP Request,200,,Thread Group 1-323,text,true,,228,216,364,364,http://34.71.253.86/yelpdata/elite/2010,22210,0,58
1620521661671,22428,HTTP Request,200,,Thread Group 1-219,text,true,,228,216,363,363,http://34.71.253.86/yelpdata/elite/2010,22428,0,62
1620521661692,22407,HTTP Request,200,,Thread Group 1-229,text,true,,228,216,363,363,http://34.71.253.86/yelpdata/elite/2010,22407,0,61
1620521662118,22029,HTTP Request,200,,Thread Group 1-442,text,true,,228,216,361,361,http://34.71.253.86/yelpdata/elite/2010,22029,0,53
1620521661403,23231,HTTP Request,200,,Thread Group 1-86,text,true,,228,216,360,360,http://34.71.253.86/yelpdata/elite/2010,23231,0,50
1620521661585,23049,HTTP Request,200,,Thread Group 1-177,text,true,,228,216,360,360,http://34.71.253.86/yelpdata/elite/2010,23049,0,58
1620521661521,23113,HTTP Request,200,,Thread Group 1-144,text,true,,228,216,360,360,http://34.71.253.86/yelpdata/elite/2010,23113,0,57
1620521661918,22716,HTTP Request,200,,Thread Group 1-342,text,true,,228,216,360,360,http://34.71.253.86/yelpdata/elite/2010,22716,0,55
1620521661531,23103,HTTP Request,200,,Thread Group 1-151,text,true,,228,216,360,360,http://34.71.253.86/yelpdata/elite/2010,23103,0,55
1620521661663,22971,HTTP Request,200,,Thread Group 1-215,text,true,,228,216,360,360,http://34.71.253.86/yelpdata/elite/2010,22971,0,53
1620521661505,23129,HTTP Request,200,,Thread Group 1-137,text,true,,228,216,360,360,http://34.71.253.86/yelpdata/elite/2010,23129,0,63
1620521661820,22814,HTTP Request,200,,Thread Group 1-293,text,true,,228,216,360,360,http://34.71.253.86/yelpdata/elite/2010,22814,0,51
1620521662185,22449,HTTP Request,200,,Thread Group 1-478,text,true,,228,216,360,360,http://34.71.253.86/yelpdata/elite/2010,22449,0,52
1620521661651,22983,HTTP Request,200,,Thread Group 1-210,text,true,,228,216,360,360,http://34.71.253.86/yelpdata/elite/2010,22983,0,56
1620521662028,23118,HTTP Request,200,,Thread Group 1-398,text,true,,228,216,350,350,http://34.71.253.86/yelpdata/elite/2010,23118,0,57
1620521661873,23397,HTTP Request,200,,Thread Group 1-320,text,true,,228,216,349,349,http://34.71.253.86/yelpdata/elite/2010,23397,0,59
1620521662097,23221,HTTP Request,200,,Thread Group 1-432,text,true,,228,216,348,348,http://34.71.253.86/yelpdata/elite/2010,23221,0,53
1620521662120,24050,HTTP Request,200,,Thread Group 1-443,text,true,,228,216,347,347,http://34.71.253.86/yelpdata/elite/2010,24050,0,55
1620521662018,24152,HTTP Request,200,,Thread Group 1-393,text,true,,228,216,347,347,http://34.71.253.86/yelpdata/elite/2010,24152,0,52
1620521662022,24184,HTTP Request,200,,Thread Group 1-395,text,true,,228,216,345,345,http://34.71.253.86/yelpdata/elite/2010,24184,0,53
1620521661618,24588,HTTP Request,200,,Thread Group 1-192,text,true,,228,216,345,345,http://34.71.253.86/yelpdata/elite/2010,24588,0,64
1620521661979,24227,HTTP Request,200,,Thread Group 1-375,text,true,,228,216,345,345,http://34.71.253.86/yelpdata/elite/2010,24227,0,59
1620521662204,24376,HTTP Request,200,,Thread Group 1-485,text,true,,228,216,342,342,http://34.71.253.86/yelpdata/elite/2010,24376,0,54
1620521661265,25315,HTTP Request,200,,Thread Group 1-17,text,true,,228,216,342,342,http://34.71.253.86/yelpdata/elite/2010,25315,0,59
1620521661655,24925,HTTP Request,200,,Thread Group 1-212,text,true,,228,216,342,342,http://34.71.253.86/yelpdata/elite/2010,24925,0,56
1620521661377,25203,HTTP Request,200,,Thread Group 1-73,text,true,,228,216,342,342,http://34.71.253.86/yelpdata/elite/2010,25203,0,60
1620521661671,25522,HTTP Request,200,,Thread Group 1-221,text,true,,228,216,338,338,http://34.71.253.86/yelpdata/elite/2010,25522,0,62
1620521661686,25507,HTTP Request,200,,Thread Group 1-228,text,true,,228,216,338,338,http://34.71.253.86/yelpdata/elite/2010,25507,0,56
1620521661752,25441,HTTP Request,200,,Thread Group 1-260,text,true,,228,216,338,338,http://34.71.253.86/yelpdata/elite/2010,25441,0,58
1620521661734,25459,HTTP Request,200,,Thread Group 1-253,text,true,,228,216,338,338,http://34.71.253.86/yelpdata/elite/2010,25459,0,62
1620521662154,25039,HTTP Request,200,,Thread Group 1-460,text,true,,228,216,338,338,http://34.71.253.86/yelpdata/elite/2010,25039,0,52
1620521661429,25764,HTTP Request,200,,Thread Group 1-98,text,true,,228,216,338,338,http://34.71.253.86/yelpdata/elite/2010,25764,0,73
1620521662152,25041,HTTP Request,200,,Thread Group 1-459,text,true,,228,216,338,338,http://34.71.253.86/yelpdata/elite/2010,25041,0,54
1620521661723,25470,HTTP Request,200,,Thread Group 1-246,text,true,,228,216,338,338,http://34.71.253.86/yelpdata/elite/2010,25470,0,60
1620521661729,25978,HTTP Request,200,,Thread Group 1-248,text,true,,228,216,330,330,http://34.71.253.86/yelpdata/elite/2010,25978,0,54
1620521661595,26112,HTTP Request,200,,Thread Group 1-183,text,true,,228,216,330,330,http://34.71.253.86/yelpdata/elite/2010,26112,0,56
1620521661836,25871,HTTP Request,200,,Thread Group 1-303,text,true,,228,216,330,330,http://34.71.253.86/yelpdata/elite/2010,25871,0,53
1620521661478,26229,HTTP Request,200,,Thread Group 1-123,text,true,,228,216,330,330,http://34.71.253.86/yelpdata/elite/2010,26229,0,53
1620521661805,25902,HTTP Request,200,,Thread Group 1-288,text,true,,228,216,330,330,http://34.71.253.86/yelpdata/elite/2010,25902,0,56
1620521661953,25754,HTTP Request,200,,Thread Group 1-361,text,true,,228,216,330,330,http://34.71.253.86/yelpdata/elite/2010,25754,0,51
1620521661595,26112,HTTP Request,200,,Thread Group 1-182,text,true,,228,216,330,330,http://34.71.253.86/yelpdata/elite/2010,26112,0,56
1620521662193,25514,HTTP Request,200,,Thread Group 1-480,text,true,,228,216,330,330,http://34.71.253.86/yelpdata/elite/2010,25514,0,57
1620521661781,25926,HTTP Request,200,,Thread Group 1-276,text,true,,228,216,330,330,http://34.71.253.86/yelpdata/elite/2010,25926,0,57
1620521661368,26339,HTTP Request,200,,Thread Group 1-67,text,true,,228,216,330,330,http://34.71.253.86/yelpdata/elite/2010,26339,0,52
1620521661719,25988,HTTP Request,200,,Thread Group 1-243,text,true,,228,216,330,330,http://34.71.253.86/yelpdata/elite/2010,25988,0,64
1620521662161,25546,HTTP Request,200,,Thread Group 1-464,text,true,,228,216,330,330,http://34.71.253.86/yelpdata/elite/2010,25546,0,52
1620521661639,26579,HTTP Request,200,,Thread Group 1-204,text,true,,228,216,318,318,http://34.71.253.86/yelpdata/elite/2010,26579,0,55
1620521661682,26945,HTTP Request,200,,Thread Group 1-224,text,true,,228,216,317,317,http://34.71.253.86/yelpdata/elite/2010,26945,0,54
1620521661457,27170,HTTP Request,200,,Thread Group 1-112,text,true,,228,216,317,317,http://34.71.253.86/yelpdata/elite/2010,27170,0,57
1620521662135,26492,HTTP Request,200,,Thread Group 1-452,text,true,,228,216,317,317,http://34.71.253.86/yelpdata/elite/2010,26492,0,57
1620521662077,26550,HTTP Request,200,,Thread Group 1-421,text,true,,228,216,317,317,http://34.71.253.86/yelpdata/elite/2010,26550,0,52
1620521661537,27090,HTTP Request,200,,Thread Group 1-153,text,true,,228,216,317,317,http://34.71.253.86/yelpdata/elite/2010,27090,0,55
1620521661346,27281,HTTP Request,200,,Thread Group 1-58,text,true,,228,216,317,317,http://34.71.253.86/yelpdata/elite/2010,27281,0,60
1620521661722,26905,HTTP Request,200,,Thread Group 1-244,text,true,,228,216,317,317,http://34.71.253.86/yelpdata/elite/2010,26905,0,61
1620521661498,27129,HTTP Request,200,,Thread Group 1-132,text,true,,228,216,317,317,http://34.71.253.86/yelpdata/elite/2010,27129,0,56
1620521661623,27004,HTTP Request,200,,Thread Group 1-195,text,true,,228,216,317,317,http://34.71.253.86/yelpdata/elite/2010,27004,0,59
1620521661345,27774,HTTP Request,200,,Thread Group 1-56,text,true,,228,216,308,308,http://34.71.253.86/yelpdata/elite/2010,27774,0,51
1620521662207,26912,HTTP Request,200,,Thread Group 1-489,text,true,,228,216,308,308,http://34.71.253.86/yelpdata/elite/2010,26912,0,57
1620521662054,27096,HTTP Request,200,,Thread Group 1-411,text,true,,228,216,306,306,http://34.71.253.86/yelpdata/elite/2010,27096,0,59
1620521662155,27026,HTTP Request,200,,Thread Group 1-461,text,true,,228,216,305,305,http://34.71.253.86/yelpdata/elite/2010,27026,0,52
1620521661527,27656,HTTP Request,200,,Thread Group 1-147,text,true,,228,216,304,304,http://34.71.253.86/yelpdata/elite/2010,27656,0,50
1620521661489,28072,HTTP Request,200,,Thread Group 1-128,text,true,,228,216,303,303,http://34.71.253.86/yelpdata/elite/2010,28072,0,59
1620521661756,27805,HTTP Request,200,,Thread Group 1-262,text,true,,228,216,303,303,http://34.71.253.86/yelpdata/elite/2010,27805,0,60
1620521661857,27704,HTTP Request,200,,Thread Group 1-312,text,true,,228,216,303,303,http://34.71.253.86/yelpdata/elite/2010,27704,0,54
1620521661751,28413,HTTP Request,200,,Thread Group 1-259,text,true,,228,216,300,300,http://34.71.253.86/yelpdata/elite/2010,28413,0,59
1620521661505,28659,HTTP Request,200,,Thread Group 1-136,text,true,,228,216,300,300,http://34.71.253.86/yelpdata/elite/2010,28659,0,63
1620521661860,28304,HTTP Request,200,,Thread Group 1-314,text,true,,228,216,300,300,http://34.71.253.86/yelpdata/elite/2010,28304,0,50
1620521661713,28451,HTTP Request,200,,Thread Group 1-241,text,true,,228,216,300,300,http://34.71.253.86/yelpdata/elite/2010,28451,0,49
1620521661843,28321,HTTP Request,200,,Thread Group 1-305,text,true,,228,216,300,300,http://34.71.253.86/yelpdata/elite/2010,28321,0,57
1620521661629,28535,HTTP Request,200,,Thread Group 1-199,text,true,,228,216,300,300,http://34.71.253.86/yelpdata/elite/2010,28535,0,65
1620521661493,28671,HTTP Request,200,,Thread Group 1-130,text,true,,228,216,300,300,http://34.71.253.86/yelpdata/elite/2010,28671,0,56
1620521661633,28531,HTTP Request,200,,Thread Group 1-200,text,true,,228,216,300,300,http://34.71.253.86/yelpdata/elite/2010,28531,0,61
1620521662094,28070,HTTP Request,200,,Thread Group 1-431,text,true,,228,216,300,300,http://34.71.253.86/yelpdata/elite/2010,28070,0,54
1620521661382,28782,HTTP Request,200,,Thread Group 1-75,text,true,,228,216,300,300,http://34.71.253.86/yelpdata/elite/2010,28782,0,55
1620521662120,28044,HTTP Request,200,,Thread Group 1-444,text,true,,228,216,300,300,http://34.71.253.86/yelpdata/elite/2010,28044,0,55
1620521662010,28154,HTTP Request,200,,Thread Group 1-388,text,true,,228,216,300,300,http://34.71.253.86/yelpdata/elite/2010,28154,0,55
1620521661271,28893,HTTP Request,200,,Thread Group 1-19,text,true,,228,216,300,300,http://34.71.253.86/yelpdata/elite/2010,28893,0,56
1620521662177,27987,HTTP Request,200,,Thread Group 1-472,text,true,,228,216,300,300,http://34.71.253.86/yelpdata/elite/2010,27987,0,60
1620521662097,28067,HTTP Request,200,,Thread Group 1-433,text,true,,228,216,300,300,http://34.71.253.86/yelpdata/elite/2010,28067,0,51
1620521661528,28636,HTTP Request,200,,Thread Group 1-149,text,true,,228,216,300,300,http://34.71.253.86/yelpdata/elite/2010,28636,0,49
1620521661644,28520,HTTP Request,200,,Thread Group 1-206,text,true,,228,216,300,300,http://34.71.253.86/yelpdata/elite/2010,28520,0,54
1620521661401,28763,HTTP Request,200,,Thread Group 1-85,text,true,,228,216,300,300,http://34.71.253.86/yelpdata/elite/2010,28763,0,53
1620521661337,28908,HTTP Request,200,,Thread Group 1-52,text,true,,228,216,282,282,http://34.71.253.86/yelpdata/elite/2010,28907,0,51
1620521661884,28829,HTTP Request,200,,Thread Group 1-326,text,true,,228,216,281,281,http://34.71.253.86/yelpdata/elite/2010,28828,0,55
1620521661590,29169,HTTP Request,200,,Thread Group 1-179,text,true,,228,216,280,280,http://34.71.253.86/yelpdata/elite/2010,29168,0,53
1620521662036,28835,HTTP Request,200,,Thread Group 1-401,text,true,,228,216,279,279,http://34.71.253.86/yelpdata/elite/2010,28834,0,55
1620521661809,29211,HTTP Request,200,,Thread Group 1-290,text,true,,228,216,278,278,http://34.71.253.86/yelpdata/elite/2010,29211,0,59
1620521662011,29141,HTTP Request,200,,Thread Group 1-390,text,true,,228,216,277,277,http://34.71.253.86/yelpdata/elite/2010,29141,0,54
1620521661655,30016,HTTP Request,200,,Thread Group 1-211,text,true,,228,216,276,276,http://34.71.253.86/yelpdata/elite/2010,30016,0,56
1620521661606,30082,HTTP Request,200,,Thread Group 1-188,text,true,,228,216,275,275,http://34.71.253.86/yelpdata/elite/2010,30082,0,66
1620521661352,30347,HTTP Request,200,,Thread Group 1-61,text,true,,228,216,274,274,http://34.71.253.86/yelpdata/elite/2010,30347,0,54
1620521661886,29858,HTTP Request,200,,Thread Group 1-328,text,true,,228,216,273,273,http://34.71.253.86/yelpdata/elite/2010,29858,0,53
1620521662061,29687,HTTP Request,200,,Thread Group 1-416,text,true,,228,216,272,272,http://34.71.253.86/yelpdata/elite/2010,29686,0,56
1620521662145,29604,HTTP Request,200,,Thread Group 1-457,text,true,,228,216,271,271,http://34.71.253.86/yelpdata/elite/2010,29604,0,54
1620521661798,29951,HTTP Request,200,,Thread Group 1-283,text,true,,228,216,270,270,http://34.71.253.86/yelpdata/elite/2010,29951,0,55
1620521661510,30255,HTTP Request,200,,Thread Group 1-138,text,true,,228,216,269,269,http://34.71.253.86/yelpdata/elite/2010,30255,0,59
1620521662088,29877,HTTP Request,200,,Thread Group 1-429,text,true,,228,216,268,268,http://34.71.253.86/yelpdata/elite/2010,29876,0,55
1620521661413,30713,HTTP Request,200,,Thread Group 1-90,text,true,,228,216,267,267,http://34.71.253.86/yelpdata/elite/2010,30713,0,59
1620521661370,30904,HTTP Request,200,,Thread Group 1-69,text,true,,228,216,266,266,http://34.71.253.86/yelpdata/elite/2010,30904,0,50
1620521661852,30432,HTTP Request,200,,Thread Group 1-310,text,true,,228,216,265,265,http://34.71.253.86/yelpdata/elite/2010,30432,0,53
1620521661768,30527,HTTP Request,200,,Thread Group 1-267,text,true,,228,216,264,264,http://34.71.253.86/yelpdata/elite/2010,30527,0,59
1620521661895,30815,HTTP Request,200,,Thread Group 1-331,text,true,,228,216,263,263,http://34.71.253.86/yelpdata/elite/2010,30815,0,56
1620521661793,30932,HTTP Request,200,,Thread Group 1-282,text,true,,228,216,262,262,http://34.71.253.86/yelpdata/elite/2010,30932,0,55
1620521661410,31315,HTTP Request,200,,Thread Group 1-89,text,true,,228,216,262,262,http://34.71.253.86/yelpdata/elite/2010,31315,0,59
1620521661633,31526,HTTP Request,200,,Thread Group 1-202,text,true,,228,216,260,260,http://34.71.253.86/yelpdata/elite/2010,31526,0,61
1620521661398,31761,HTTP Request,200,,Thread Group 1-83,text,true,,228,216,260,260,http://34.71.253.86/yelpdata/elite/2010,31761,0,55
1620521661521,31638,HTTP Request,200,,Thread Group 1-145,text,true,,228,216,260,260,http://34.71.253.86/yelpdata/elite/2010,31638,0,57
1620521661677,32174,HTTP Request,200,,Thread Group 1-223,text,true,,228,216,257,257,http://34.71.253.86/yelpdata/elite/2010,32174,0,54
1620521661668,32183,HTTP Request,200,,Thread Group 1-218,text,true,,228,216,257,257,http://34.71.253.86/yelpdata/elite/2010,32183,0,56
1620521661319,32532,HTTP Request,200,,Thread Group 1-43,text,true,,228,216,257,257,http://34.71.253.86/yelpdata/elite/2010,32532,0,59
1620521661820,32031,HTTP Request,200,,Thread Group 1-294,text,true,,228,216,257,257,http://34.71.253.86/yelpdata/elite/2010,32031,0,54
1620521662194,31657,HTTP Request,200,,Thread Group 1-481,text,true,,228,216,257,257,http://34.71.253.86/yelpdata/elite/2010,31657,0,58
1620521661701,32150,HTTP Request,200,,Thread Group 1-234,text,true,,228,216,257,257,http://34.71.253.86/yelpdata/elite/2010,32150,0,59
1620521661382,32639,HTTP Request,200,,Thread Group 1-76,text,true,,228,216,251,251,http://34.71.253.86/yelpdata/elite/2010,32639,0,55
1620521661297,33001,HTTP Request,200,,Thread Group 1-33,text,true,,228,216,250,250,http://34.71.253.86/yelpdata/elite/2010,33001,0,56
1620521662081,32325,HTTP Request,200,,Thread Group 1-424,text,true,,228,216,249,249,http://34.71.253.86/yelpdata/elite/2010,32324,0,54
1620521661779,32662,HTTP Request,200,,Thread Group 1-275,text,true,,228,216,248,248,http://34.71.253.86/yelpdata/elite/2010,32662,0,56
1620521661743,32698,HTTP Request,200,,Thread Group 1-255,text,true,,228,216,248,248,http://34.71.253.86/yelpdata/elite/2010,32698,0,53
1620521661575,32869,HTTP Request,200,,Thread Group 1-171,text,true,,228,216,248,248,http://34.71.253.86/yelpdata/elite/2010,32867,0,54
1620521661585,32859,HTTP Request,200,,Thread Group 1-176,text,true,,228,216,248,248,http://34.71.253.86/yelpdata/elite/2010,32859,0,58
1620521661763,32681,HTTP Request,200,,Thread Group 1-265,text,true,,228,216,248,248,http://34.71.253.86/yelpdata/elite/2010,32681,0,64
1620521661895,32549,HTTP Request,200,,Thread Group 1-332,text,true,,228,216,248,248,http://34.71.253.86/yelpdata/elite/2010,32549,0,58
1620521661628,33016,HTTP Request,200,,Thread Group 1-197,text,true,,228,216,242,242,http://34.71.253.86/yelpdata/elite/2010,33016,0,66
1620521661484,33216,HTTP Request,200,,Thread Group 1-127,text,true,,228,216,241,241,http://34.71.253.86/yelpdata/elite/2010,33216,0,65
1620521661643,33539,HTTP Request,200,,Thread Group 1-205,text,true,,228,216,240,240,http://34.71.253.86/yelpdata/elite/2010,33539,0,51
1620521661843,33339,HTTP Request,200,,Thread Group 1-306,text,true,,228,216,240,240,http://34.71.253.86/yelpdata/elite/2010,33339,0,57
1620521661789,33393,HTTP Request,200,,Thread Group 1-280,text,true,,228,216,240,240,http://34.71.253.86/yelpdata/elite/2010,33393,0,55
1620521661519,33835,HTTP Request,200,,Thread Group 1-143,text,true,,228,216,237,237,http://34.71.253.86/yelpdata/elite/2010,33835,0,52
1620521661585,33770,HTTP Request,200,,Thread Group 1-178,text,true,,228,216,236,236,http://34.71.253.86/yelpdata/elite/2010,33770,0,58
1620521661372,34521,HTTP Request,200,,Thread Group 1-71,text,true,,228,216,235,235,http://34.71.253.86/yelpdata/elite/2010,34521,0,57
1620521661651,34242,HTTP Request,200,,Thread Group 1-209,text,true,,228,216,235,235,http://34.71.253.86/yelpdata/elite/2010,34242,0,56
1620521661361,34572,HTTP Request,200,,Thread Group 1-65,text,true,,228,216,233,233,http://34.71.253.86/yelpdata/elite/2010,34572,0,59
1620521661560,34383,HTTP Request,200,,Thread Group 1-163,text,true,,228,216,232,232,http://34.71.253.86/yelpdata/elite/2010,34383,0,53
1620521661326,34625,HTTP Request,200,,Thread Group 1-47,text,true,,228,216,232,232,http://34.71.253.86/yelpdata/elite/2010,34625,0,61
1620521661329,34622,HTTP Request,200,,Thread Group 1-49,text,true,,228,216,232,232,http://34.71.253.86/yelpdata/elite/2010,34622,0,58
1620521662198,33754,HTTP Request,200,,Thread Group 1-483,text,true,,228,216,232,232,http://34.71.253.86/yelpdata/elite/2010,33754,0,54
1620521662011,33952,HTTP Request,200,,Thread Group 1-389,text,true,,228,216,228,228,http://34.71.253.86/yelpdata/elite/2010,33952,0,54
1620521661801,34610,HTTP Request,200,,Thread Group 1-285,text,true,,228,216,227,227,http://34.71.253.86/yelpdata/elite/2010,34610,0,52
1620521661731,34680,HTTP Request,200,,Thread Group 1-249,text,true,,228,216,227,227,http://34.71.253.86/yelpdata/elite/2010,34680,0,57
1620521661501,34910,HTTP Request,200,,Thread Group 1-134,text,true,,228,216,227,227,http://34.71.253.86/yelpdata/elite/2010,34910,0,59
1620521661476,35425,HTTP Request,200,,Thread Group 1-121,text,true,,228,216,224,224,http://34.71.253.86/yelpdata/elite/2010,35425,0,54
1620521661886,35015,HTTP Request,200,,Thread Group 1-329,text,true,,228,216,224,224,http://34.71.253.86/yelpdata/elite/2010,35015,0,53
1620521662172,34730,HTTP Request,200,,Thread Group 1-471,text,true,,228,216,224,224,http://34.71.253.86/yelpdata/elite/2010,34730,0,52
1620521661310,35592,HTTP Request,200,,Thread Group 1-38,text,true,,228,216,224,224,http://34.71.253.86/yelpdata/elite/2010,35592,0,60
1620521661613,35289,HTTP Request,200,,Thread Group 1-190,text,true,,228,216,224,224,http://34.71.253.86/yelpdata/elite/2010,35289,0,62
1620521661826,35076,HTTP Request,200,,Thread Group 1-298,text,true,,228,216,224,224,http://34.71.253.86/yelpdata/elite/2010,35076,0,52
1620521662011,35527,HTTP Request,200,,Thread Group 1-391,text,true,,228,216,218,218,http://34.71.253.86/yelpdata/elite/2010,35527,0,53
1620521661580,35958,HTTP Request,200,,Thread Group 1-174,text,true,,228,216,218,218,http://34.71.253.86/yelpdata/elite/2010,35958,0,53
1620521661343,36195,HTTP Request,200,,Thread Group 1-55,text,true,,228,216,218,218,http://34.71.253.86/yelpdata/elite/2010,36195,0,53
1620521662180,35358,HTTP Request,200,,Thread Group 1-474,text,true,,228,216,218,218,http://34.71.253.86/yelpdata/elite/2010,35358,0,57
1620521662101,35695,HTTP Request,200,,Thread Group 1-434,text,true,,228,216,214,214,http://34.71.253.86/yelpdata/elite/2010,35695,0,52
1620521661731,36148,HTTP Request,200,,Thread Group 1-250,text,true,,228,216,213,213,http://34.71.253.86/yelpdata/elite/2010,36148,0,52
1620521661921,35975,HTTP Request,200,,Thread Group 1-346,text,true,,228,216,212,212,http://34.71.253.86/yelpdata/elite/2010,35974,0,59
1620521661453,36464,HTTP Request,200,,Thread Group 1-111,text,true,,228,216,211,211,http://34.71.253.86/yelpdata/elite/2010,36464,0,61
1620521661723,36194,HTTP Request,200,,Thread Group 1-245,text,true,,228,216,211,211,http://34.71.253.86/yelpdata/elite/2010,36194,0,60
1620521661763,36362,HTTP Request,200,,Thread Group 1-266,text,true,,228,216,209,209,http://34.71.253.86/yelpdata/elite/2010,36362,0,54
1620521662049,36133,HTTP Request,200,,Thread Group 1-408,text,true,,228,216,208,208,http://34.71.253.86/yelpdata/elite/2010,36133,0,54
1620521661494,36688,HTTP Request,200,,Thread Group 1-131,text,true,,228,216,208,208,http://34.71.253.86/yelpdata/elite/2010,36688,0,56
1620521661771,36995,HTTP Request,200,,Thread Group 1-270,text,true,,228,216,206,206,http://34.71.253.86/yelpdata/elite/2010,36995,0,56
1620521661826,37041,HTTP Request,200,,Thread Group 1-297,text,true,,228,216,205,205,http://34.71.253.86/yelpdata/elite/2010,37041,0,52
1620521661963,36904,HTTP Request,200,,Thread Group 1-366,text,true,,228,216,205,205,http://34.71.253.86/yelpdata/elite/2010,36904,0,57
1620521662070,36798,HTTP Request,200,,Thread Group 1-419,text,true,,228,216,203,203,http://34.71.253.86/yelpdata/elite/2010,36797,0,54
1620521662077,36828,HTTP Request,200,,Thread Group 1-422,text,true,,228,216,202,202,http://34.71.253.86/yelpdata/elite/2010,36828,0,53
1620521661951,36954,HTTP Request,200,,Thread Group 1-359,text,true,,228,216,202,202,http://34.71.253.86/yelpdata/elite/2010,36954,0,53
1620521662108,36797,HTTP Request,200,,Thread Group 1-438,text,true,,228,216,202,202,http://34.71.253.86/yelpdata/elite/2010,36797,0,54
1620521661245,37661,HTTP Request,200,,Thread Group 1-8,text,true,,228,216,199,199,http://34.71.253.86/yelpdata/elite/2010,37661,0,61
1620521661895,37029,HTTP Request,200,,Thread Group 1-333,text,true,,228,216,198,198,http://34.71.253.86/yelpdata/elite/2010,37029,0,55
1620521661801,37123,HTTP Request,200,,Thread Group 1-284,text,true,,228,216,198,198,http://34.71.253.86/yelpdata/elite/2010,37123,0,52
1620521661649,37287,HTTP Request,200,,Thread Group 1-208,text,true,,228,216,196,196,http://34.71.253.86/yelpdata/elite/2010,37287,0,49
1620521661340,37596,HTTP Request,200,,Thread Group 1-53,text,true,,228,216,196,196,http://34.71.253.86/yelpdata/elite/2010,37596,0,56
1620521661841,37245,HTTP Request,200,,Thread Group 1-304,text,true,,228,216,194,194,http://34.71.253.86/yelpdata/elite/2010,37245,0,59
1620521662130,37158,HTTP Request,200,,Thread Group 1-450,text,true,,228,216,193,193,http://34.71.253.86/yelpdata/elite/2010,37158,0,56
1620521662007,37281,HTTP Request,200,,Thread Group 1-387,text,true,,228,216,193,193,http://34.71.253.86/yelpdata/elite/2010,37281,0,53
1620521661739,37552,HTTP Request,200,,Thread Group 1-254,text,true,,228,216,191,191,http://34.71.253.86/yelpdata/elite/2010,37552,0,57
1620521661426,37867,HTTP Request,200,,Thread Group 1-97,text,true,,228,216,190,190,http://34.71.253.86/yelpdata/elite/2010,37867,0,56
1620521662071,37231,HTTP Request,200,,Thread Group 1-420,text,true,,228,216,189,189,http://34.71.253.86/yelpdata/elite/2010,37231,0,53
1620521661875,38017,HTTP Request,200,,Thread Group 1-321,text,true,,228,216,188,188,http://34.71.253.86/yelpdata/elite/2010,38017,0,57
1620521662060,37832,HTTP Request,200,,Thread Group 1-414,text,true,,228,216,188,188,http://34.71.253.86/yelpdata/elite/2010,37832,0,57
1620521661921,37971,HTTP Request,200,,Thread Group 1-345,text,true,,228,216,188,188,http://34.71.253.86/yelpdata/elite/2010,37971,0,59
1620521661980,37912,HTTP Request,200,,Thread Group 1-373,text,true,,228,216,188,188,http://34.71.253.86/yelpdata/elite/2010,37912,0,58
1620521661921,38180,HTTP Request,200,,Thread Group 1-344,text,true,,228,216,184,184,http://34.71.253.86/yelpdata/elite/2010,38180,0,59
1620521662226,37922,HTTP Request,200,,Thread Group 1-498,text,true,,228,216,183,183,http://34.71.253.86/yelpdata/elite/2010,37921,0,51
1620521661977,38173,HTTP Request,200,,Thread Group 1-372,text,true,,228,216,182,182,http://34.71.253.86/yelpdata/elite/2010,38173,0,51
1620521661271,38890,HTTP Request,200,,Thread Group 1-21,text,true,,228,216,181,181,http://34.71.253.86/yelpdata/elite/2010,38889,0,55
1620521661836,38325,HTTP Request,200,,Thread Group 1-302,text,true,,228,216,181,181,http://34.71.253.86/yelpdata/elite/2010,38325,0,53
1620521662123,38045,HTTP Request,200,,Thread Group 1-445,text,true,,228,216,179,179,http://34.71.253.86/yelpdata/elite/2010,38043,0,54
1620521661854,38314,HTTP Request,200,,Thread Group 1-311,text,true,,228,216,179,179,http://34.71.253.86/yelpdata/elite/2010,38313,0,57
1620521661251,38918,HTTP Request,200,,Thread Group 1-10,text,true,,228,216,177,177,http://34.71.253.86/yelpdata/elite/2010,38918,0,60
1620521661852,38426,HTTP Request,200,,Thread Group 1-309,text,true,,228,216,176,176,http://34.71.253.86/yelpdata/elite/2010,38426,0,56
1620521662130,38150,HTTP Request,200,,Thread Group 1-449,text,true,,228,216,175,175,http://34.71.253.86/yelpdata/elite/2010,38149,0,57
1620521661804,39112,HTTP Request,200,,Thread Group 1-286,text,true,,228,216,174,174,http://34.71.253.86/yelpdata/elite/2010,39112,0,48
1620521661777,39758,HTTP Request,200,,Thread Group 1-273,text,true,,228,216,173,173,http://34.71.253.86/yelpdata/elite/2010,39758,0,60
1620521661995,39540,HTTP Request,200,,Thread Group 1-382,text,true,,228,216,173,173,http://34.71.253.86/yelpdata/elite/2010,39540,0,58
1620521662126,39409,HTTP Request,200,,Thread Group 1-447,text,true,,228,216,173,173,http://34.71.253.86/yelpdata/elite/2010,39409,0,55
1620521661783,39752,HTTP Request,200,,Thread Group 1-277,text,true,,228,216,173,173,http://34.71.253.86/yelpdata/elite/2010,39752,0,59
1620521661937,39598,HTTP Request,200,,Thread Group 1-354,text,true,,228,216,173,173,http://34.71.253.86/yelpdata/elite/2010,39598,0,58
1620521661910,39672,HTTP Request,200,,Thread Group 1-339,text,true,,228,216,168,168,http://34.71.253.86/yelpdata/elite/2010,39671,0,55
1620521662001,39581,HTTP Request,200,,Thread Group 1-385,text,true,,228,216,168,168,http://34.71.253.86/yelpdata/elite/2010,39581,0,59
1620521662232,39350,HTTP Request,200,,Thread Group 1-500,text,true,,228,216,167,167,http://34.71.253.86/yelpdata/elite/2010,39350,0,52
1620521662087,39500,HTTP Request,200,,Thread Group 1-427,text,true,,228,216,165,165,http://34.71.253.86/yelpdata/elite/2010,39500,0,57
1620521661901,39691,HTTP Request,200,,Thread Group 1-334,text,true,,228,216,164,164,http://34.71.253.86/yelpdata/elite/2010,39691,0,54
1620521661969,39623,HTTP Request,200,,Thread Group 1-368,text,true,,228,216,164,164,http://34.71.253.86/yelpdata/elite/2010,39623,0,59
1620521661995,39597,HTTP Request,200,,Thread Group 1-383,text,true,,228,216,164,164,http://34.71.253.86/yelpdata/elite/2010,39597,0,65
1620521661939,39653,HTTP Request,200,,Thread Group 1-355,text,true,,228,216,163,163,http://34.71.253.86/yelpdata/elite/2010,39653,0,58
1620521662168,39946,HTTP Request,200,,Thread Group 1-469,text,true,,228,216,160,160,http://34.71.253.86/yelpdata/elite/2010,39946,0,56
1620521662044,40070,HTTP Request,200,,Thread Group 1-405,text,true,,228,216,160,160,http://34.71.253.86/yelpdata/elite/2010,40070,0,55
1620521661931,40183,HTTP Request,200,,Thread Group 1-351,text,true,,228,216,160,160,http://34.71.253.86/yelpdata/elite/2010,40183,0,60
1620521661953,40499,HTTP Request,200,,Thread Group 1-362,text,true,,228,216,157,157,http://34.71.253.86/yelpdata/elite/2010,40499,0,51
1620521661937,40735,HTTP Request,200,,Thread Group 1-352,text,true,,228,216,156,156,http://34.71.253.86/yelpdata/elite/2010,40734,0,58
1620521661777,40895,HTTP Request,200,,Thread Group 1-274,text,true,,228,216,156,156,http://34.71.253.86/yelpdata/elite/2010,40895,0,58
1620521662018,40655,HTTP Request,200,,Thread Group 1-392,text,true,,228,216,154,154,http://34.71.253.86/yelpdata/elite/2010,40653,0,52
1620521662135,40538,HTTP Request,200,,Thread Group 1-453,text,true,,228,216,154,154,http://34.71.253.86/yelpdata/elite/2010,40536,0,58
1620521661697,40976,HTTP Request,200,,Thread Group 1-232,text,true,,228,216,154,154,http://34.71.253.86/yelpdata/elite/2010,40976,0,56
1620521661710,40964,HTTP Request,200,,Thread Group 1-239,text,true,,228,216,151,151,http://34.71.253.86/yelpdata/elite/2010,40963,0,53
1620521661893,40781,HTTP Request,200,,Thread Group 1-330,text,true,,228,216,151,151,http://34.71.253.86/yelpdata/elite/2010,40781,0,51
1620521661960,41110,HTTP Request,200,,Thread Group 1-365,text,true,,228,216,149,149,http://34.71.253.86/yelpdata/elite/2010,41110,0,55
1620521662145,40925,HTTP Request,200,,Thread Group 1-456,text,true,,228,216,149,149,http://34.71.253.86/yelpdata/elite/2010,40925,0,54
1620521662230,40840,HTTP Request,200,,Thread Group 1-499,text,true,,228,216,149,149,http://34.71.253.86/yelpdata/elite/2010,40840,0,52
1620521662123,40947,HTTP Request,200,,Thread Group 1-446,text,true,,228,216,149,149,http://34.71.253.86/yelpdata/elite/2010,40947,0,54
1620521661958,41112,HTTP Request,200,,Thread Group 1-363,text,true,,228,216,149,149,http://34.71.253.86/yelpdata/elite/2010,41112,0,55
1620521662172,40898,HTTP Request,200,,Thread Group 1-470,text,true,,228,216,149,149,http://34.71.253.86/yelpdata/elite/2010,40898,0,51
1620521662001,41550,HTTP Request,200,,Thread Group 1-386,text,true,,228,216,143,143,http://34.71.253.86/yelpdata/elite/2010,41550,0,51
1620521662093,41459,HTTP Request,200,,Thread Group 1-430,text,true,,228,216,143,143,http://34.71.253.86/yelpdata/elite/2010,41459,0,50
1620521661931,41624,HTTP Request,200,,Thread Group 1-350,text,true,,228,216,141,141,http://34.71.253.86/yelpdata/elite/2010,41624,0,51
1620521661868,41741,HTTP Request,200,,Thread Group 1-317,text,true,,228,216,140,140,http://34.71.253.86/yelpdata/elite/2010,41741,0,56
1620521662145,41464,HTTP Request,200,,Thread Group 1-458,text,true,,228,216,140,140,http://34.71.253.86/yelpdata/elite/2010,41464,0,54
1620521661990,41619,HTTP Request,200,,Thread Group 1-379,text,true,,228,216,140,140,http://34.71.253.86/yelpdata/elite/2010,41619,0,59
1620521662160,41449,HTTP Request,200,,Thread Group 1-463,text,true,,228,216,140,140,http://34.71.253.86/yelpdata/elite/2010,41449,0,54
1620521662036,41577,HTTP Request,200,,Thread Group 1-402,text,true,,228,216,136,136,http://34.71.253.86/yelpdata/elite/2010,41574,0,55
1620521661905,41708,HTTP Request,200,,Thread Group 1-337,text,true,,228,216,136,136,http://34.71.253.86/yelpdata/elite/2010,41708,0,52
1620521662107,41612,HTTP Request,200,,Thread Group 1-437,text,true,,228,216,134,134,http://34.71.253.86/yelpdata/elite/2010,41611,0,55
1620521661953,42210,HTTP Request,200,,Thread Group 1-360,text,true,,228,216,133,133,http://34.71.253.86/yelpdata/elite/2010,42209,0,51
1620521661817,42347,HTTP Request,200,,Thread Group 1-292,text,true,,228,216,132,132,http://34.71.253.86/yelpdata/elite/2010,42347,0,54
1620521662068,42097,HTTP Request,200,,Thread Group 1-417,text,true,,228,216,131,131,http://34.71.253.86/yelpdata/elite/2010,42097,0,56
1620521662033,42134,HTTP Request,200,,Thread Group 1-400,text,true,,228,216,130,130,http://34.71.253.86/yelpdata/elite/2010,42133,0,52
1620521662051,42117,HTTP Request,200,,Thread Group 1-409,text,true,,228,216,129,129,http://34.71.253.86/yelpdata/elite/2010,42116,0,56
1620521662102,42067,HTTP Request,200,,Thread Group 1-436,text,true,,228,216,128,128,http://34.71.253.86/yelpdata/elite/2010,42066,0,60
1620521662038,42132,HTTP Request,200,,Thread Group 1-403,text,true,,228,216,127,127,http://34.71.253.86/yelpdata/elite/2010,42131,0,57
1620521661884,42287,HTTP Request,200,,Thread Group 1-327,text,true,,228,216,126,126,http://34.71.253.86/yelpdata/elite/2010,42287,0,52
1620521661980,42191,HTTP Request,200,,Thread Group 1-374,text,true,,228,216,126,126,http://34.71.253.86/yelpdata/elite/2010,42191,0,58
1620521662026,42145,HTTP Request,200,,Thread Group 1-397,text,true,,228,216,126,126,http://34.71.253.86/yelpdata/elite/2010,42145,0,59
1620521662018,42204,HTTP Request,200,,Thread Group 1-394,text,true,,228,216,123,123,http://34.71.253.86/yelpdata/elite/2010,42204,0,52
1620521661542,42681,HTTP Request,200,,Thread Group 1-156,text,true,,228,216,122,122,http://34.71.253.86/yelpdata/elite/2010,42681,0,50
1620521661706,42517,HTTP Request,200,,Thread Group 1-237,text,true,,228,216,122,122,http://34.71.253.86/yelpdata/elite/2010,42517,0,54
1620521661968,42256,HTTP Request,200,,Thread Group 1-367,text,true,,228,216,120,120,http://34.71.253.86/yelpdata/elite/2010,42256,0,55
1620521661876,42349,HTTP Request,200,,Thread Group 1-322,text,true,,228,216,119,119,http://34.71.253.86/yelpdata/elite/2010,42348,0,56
1620521661969,42256,HTTP Request,200,,Thread Group 1-370,text,true,,228,216,118,118,http://34.71.253.86/yelpdata/elite/2010,42256,0,54
1620521662060,42171,HTTP Request,200,,Thread Group 1-415,text,true,,228,216,117,117,http://34.71.253.86/yelpdata/elite/2010,42171,0,57
1620521662183,42083,HTTP Request,200,,Thread Group 1-477,text,true,,228,216,116,116,http://34.71.253.86/yelpdata/elite/2010,42083,0,54
1620521662044,42311,HTTP Request,200,,Thread Group 1-406,text,true,,228,216,115,115,http://34.71.253.86/yelpdata/elite/2010,42310,0,55
1620521661948,42727,HTTP Request,200,,Thread Group 1-358,text,true,,228,216,114,114,http://34.71.253.86/yelpdata/elite/2010,42727,0,54
1620521661993,42682,HTTP Request,200,,Thread Group 1-381,text,true,,228,216,114,114,http://34.71.253.86/yelpdata/elite/2010,42682,0,56
1620521662129,42564,HTTP Request,200,,Thread Group 1-448,text,true,,228,216,112,112,http://34.71.253.86/yelpdata/elite/2010,42564,0,52
1620521661710,42983,HTTP Request,200,,Thread Group 1-238,text,true,,228,216,112,112,http://34.71.253.86/yelpdata/elite/2010,42981,0,52
1620521662083,42611,HTTP Request,200,,Thread Group 1-426,text,true,,228,216,112,112,http://34.71.253.86/yelpdata/elite/2010,42611,0,52
1620521661816,42900,HTTP Request,200,,Thread Group 1-291,text,true,,228,216,109,109,http://34.71.253.86/yelpdata/elite/2010,42900,0,55
1620521661787,42941,HTTP Request,200,,Thread Group 1-279,text,true,,228,216,108,108,http://34.71.253.86/yelpdata/elite/2010,42941,0,55
1620521662205,42814,HTTP Request,200,,Thread Group 1-488,text,true,,228,216,107,107,http://34.71.253.86/yelpdata/elite/2010,42814,0,59
1620521662110,42909,HTTP Request,200,,Thread Group 1-439,text,true,,228,216,107,107,http://34.71.253.86/yelpdata/elite/2010,42909,0,59
1620521662155,42866,HTTP Request,200,,Thread Group 1-462,text,true,,228,216,105,105,http://34.71.253.86/yelpdata/elite/2010,42865,0,54
1620521661660,43361,HTTP Request,200,,Thread Group 1-213,text,true,,228,216,105,105,http://34.71.253.86/yelpdata/elite/2010,43360,0,56
1620521661927,43094,HTTP Request,200,,Thread Group 1-349,text,true,,228,216,105,105,http://34.71.253.86/yelpdata/elite/2010,43094,0,55
1620521661846,43190,HTTP Request,200,,Thread Group 1-308,text,true,,228,216,102,102,http://34.71.253.86/yelpdata/elite/2010,43190,0,55
1620521661868,43175,HTTP Request,200,,Thread Group 1-319,text,true,,228,216,101,101,http://34.71.253.86/yelpdata/elite/2010,43175,0,56
1620521661993,43051,HTTP Request,200,,Thread Group 1-380,text,true,,228,216,100,100,http://34.71.253.86/yelpdata/elite/2010,43050,0,56
1620521661713,43340,HTTP Request,200,,Thread Group 1-240,text,true,,228,216,99,99,http://34.71.253.86/yelpdata/elite/2010,43340,0,49
1620521661941,43287,HTTP Request,200,,Thread Group 1-356,text,true,,228,216,98,98,http://34.71.253.86/yelpdata/elite/2010,43287,0,52
1620521662078,43150,HTTP Request,200,,Thread Group 1-423,text,true,,228,216,97,97,http://34.71.253.86/yelpdata/elite/2010,43150,0,51
1620521661937,43331,HTTP Request,200,,Thread Group 1-353,text,true,,228,216,96,96,http://34.71.253.86/yelpdata/elite/2010,43331,0,58
1620521661948,43428,HTTP Request,200,,Thread Group 1-357,text,true,,228,216,95,95,http://34.71.253.86/yelpdata/elite/2010,43428,0,54
1620521662038,43545,HTTP Request,200,,Thread Group 1-404,text,true,,228,216,94,94,http://34.71.253.86/yelpdata/elite/2010,43545,0,57
1620521662060,43523,HTTP Request,200,,Thread Group 1-413,text,true,,228,216,94,94,http://34.71.253.86/yelpdata/elite/2010,43523,0,57
1620521661452,44131,HTTP Request,200,,Thread Group 1-109,text,true,,228,216,94,94,http://34.71.253.86/yelpdata/elite/2010,44131,0,50
1620521661460,44902,HTTP Request,200,,Thread Group 1-114,text,true,,228,216,91,91,http://34.71.253.86/yelpdata/elite/2010,44902,0,54
1620521661960,44402,HTTP Request,200,,Thread Group 1-364,text,true,,228,216,91,91,http://34.71.253.86/yelpdata/elite/2010,44402,0,56
1620521662135,44227,HTTP Request,200,,Thread Group 1-451,text,true,,228,216,91,91,http://34.71.253.86/yelpdata/elite/2010,44227,0,58
1620521661926,44436,HTTP Request,200,,Thread Group 1-348,text,true,,228,216,91,91,http://34.71.253.86/yelpdata/elite/2010,44436,0,65
1620521662102,44260,HTTP Request,200,,Thread Group 1-435,text,true,,228,216,91,91,http://34.71.253.86/yelpdata/elite/2010,44260,0,56
1620521661793,44569,HTTP Request,200,,Thread Group 1-281,text,true,,228,216,91,91,http://34.71.253.86/yelpdata/elite/2010,44569,0,57
1620521661916,44446,HTTP Request,200,,Thread Group 1-341,text,true,,228,216,91,91,http://34.71.253.86/yelpdata/elite/2010,44446,0,55
1620521661697,44706,HTTP Request,200,,Thread Group 1-233,text,true,,228,216,84,84,http://34.71.253.86/yelpdata/elite/2010,44706,0,56
1620521661982,44425,HTTP Request,200,,Thread Group 1-376,text,true,,228,216,83,83,http://34.71.253.86/yelpdata/elite/2010,44424,0,60
1620521662113,44295,HTTP Request,200,,Thread Group 1-441,text,true,,228,216,82,82,http://34.71.253.86/yelpdata/elite/2010,44295,0,53
1620521661551,44860,HTTP Request,200,,Thread Group 1-159,text,true,,228,216,81,81,http://34.71.253.86/yelpdata/elite/2010,44857,0,54
1620521661863,44548,HTTP Request,200,,Thread Group 1-316,text,true,,228,216,81,81,http://34.71.253.86/yelpdata/elite/2010,44548,0,55
1620521661831,44580,HTTP Request,200,,Thread Group 1-301,text,true,,228,216,81,81,http://34.71.253.86/yelpdata/elite/2010,44580,0,58
1620521661545,44937,HTTP Request,200,,Thread Group 1-158,text,true,,228,216,78,78,http://34.71.253.86/yelpdata/elite/2010,44937,0,60
1620521662161,44323,HTTP Request,200,,Thread Group 1-466,text,true,,228,216,78,78,http://34.71.253.86/yelpdata/elite/2010,44323,0,58
1620521662113,44845,HTTP Request,200,,Thread Group 1-440,text,true,,228,216,76,76,http://34.71.253.86/yelpdata/elite/2010,44845,0,53
1620521662204,44755,HTTP Request,200,,Thread Group 1-486,text,true,,228,216,76,76,http://34.71.253.86/yelpdata/elite/2010,44755,0,55
1620521662215,44743,HTTP Request,200,,Thread Group 1-491,text,true,,228,216,76,76,http://34.71.253.86/yelpdata/elite/2010,44743,0,53
1620521662218,44740,HTTP Request,200,,Thread Group 1-493,text,true,,228,216,76,76,http://34.71.253.86/yelpdata/elite/2010,44740,0,50
1620521662220,44739,HTTP Request,200,,Thread Group 1-494,text,true,,228,216,76,76,http://34.71.253.86/yelpdata/elite/2010,44739,0,54
1620521661628,45330,HTTP Request,200,,Thread Group 1-198,text,true,,228,216,76,76,http://34.71.253.86/yelpdata/elite/2010,45330,0,66
1620521662054,44905,HTTP Request,200,,Thread Group 1-412,text,true,,228,216,76,76,http://34.71.253.86/yelpdata/elite/2010,44905,0,59
1620521662182,44776,HTTP Request,200,,Thread Group 1-476,text,true,,228,216,76,76,http://34.71.253.86/yelpdata/elite/2010,44776,0,55
1620521661863,45095,HTTP Request,200,,Thread Group 1-315,text,true,,228,216,76,76,http://34.71.253.86/yelpdata/elite/2010,45095,0,55
1620521661539,45419,HTTP Request,200,,Thread Group 1-155,text,true,,228,216,76,76,http://34.71.253.86/yelpdata/elite/2010,45419,0,53
1620521662044,44914,HTTP Request,200,,Thread Group 1-407,text,true,,228,216,76,76,http://34.71.253.86/yelpdata/elite/2010,44914,0,59
1620521662168,44808,HTTP Request,200,,Thread Group 1-468,text,true,,228,216,65,65,http://34.71.253.86/yelpdata/elite/2010,44808,0,55
1620521661761,45215,HTTP Request,200,,Thread Group 1-264,text,true,,228,216,65,65,http://34.71.253.86/yelpdata/elite/2010,45215,0,56
1620521661918,45059,HTTP Request,200,,Thread Group 1-343,text,true,,228,216,65,65,http://34.71.253.86/yelpdata/elite/2010,45058,0,53
1620521661511,45467,HTTP Request,200,,Thread Group 1-139,text,true,,228,216,62,62,http://34.71.253.86/yelpdata/elite/2010,45466,0,57
1620521662161,44877,HTTP Request,200,,Thread Group 1-465,text,true,,228,216,61,61,http://34.71.253.86/yelpdata/elite/2010,44877,0,52
1620521662143,44912,HTTP Request,200,,Thread Group 1-455,text,true,,228,216,60,60,http://34.71.253.86/yelpdata/elite/2010,44912,0,50
1620521661444,45713,HTTP Request,200,,Thread Group 1-106,text,true,,228,216,59,59,http://34.71.253.86/yelpdata/elite/2010,45713,0,58
1620521662194,44963,HTTP Request,200,,Thread Group 1-482,text,true,,228,216,59,59,http://34.71.253.86/yelpdata/elite/2010,44963,0,56
1620521661718,45439,HTTP Request,200,,Thread Group 1-242,text,true,,228,216,59,59,http://34.71.253.86/yelpdata/elite/2010,45439,0,52
1620521662182,45121,HTTP Request,200,,Thread Group 1-475,text,true,,228,216,56,56,http://34.71.253.86/yelpdata/elite/2010,45121,0,55
1620521662211,45092,HTTP Request,200,,Thread Group 1-490,text,true,,228,216,56,56,http://34.71.253.86/yelpdata/elite/2010,45092,0,57
1620521662179,45124,HTTP Request,200,,Thread Group 1-473,text,true,,228,216,56,56,http://34.71.253.86/yelpdata/elite/2010,45124,0,58
1620521661684,45619,HTTP Request,200,,Thread Group 1-226,text,true,,228,216,56,56,http://34.71.253.86/yelpdata/elite/2010,45619,0,58
1620521661878,45426,HTTP Request,200,,Thread Group 1-324,text,true,,228,216,56,56,http://34.71.253.86/yelpdata/elite/2010,45426,0,58
1620521661610,45834,HTTP Request,200,,Thread Group 1-189,text,true,,228,216,51,51,http://34.71.253.86/yelpdata/elite/2010,45834,0,61
1620521662226,45254,HTTP Request,200,,Thread Group 1-497,text,true,,228,216,50,50,http://34.71.253.86/yelpdata/elite/2010,45254,0,53
1620521662204,45361,HTTP Request,200,,Thread Group 1-487,text,true,,228,216,49,49,http://34.71.253.86/yelpdata/elite/2010,45361,0,54
1620521661545,46022,HTTP Request,200,,Thread Group 1-157,text,true,,228,216,48,48,http://34.71.253.86/yelpdata/elite/2010,46022,0,60
1620521661601,45972,HTTP Request,200,,Thread Group 1-186,text,true,,228,216,47,47,http://34.71.253.86/yelpdata/elite/2010,45972,0,59
1620521661785,45788,HTTP Request,200,,Thread Group 1-278,text,true,,228,216,47,47,http://34.71.253.86/yelpdata/elite/2010,45788,0,57
1620521662188,45541,HTTP Request,200,,Thread Group 1-479,text,true,,228,216,45,45,http://34.71.253.86/yelpdata/elite/2010,45541,0,58
1620521662083,45646,HTTP Request,200,,Thread Group 1-425,text,true,,228,216,45,45,http://34.71.253.86/yelpdata/elite/2010,45646,0,52
1620521661633,46096,HTTP Request,200,,Thread Group 1-201,text,true,,228,216,45,45,http://34.71.253.86/yelpdata/elite/2010,46096,0,61
1620521662218,45514,HTTP Request,200,,Thread Group 1-492,text,true,,228,216,42,42,http://34.71.253.86/yelpdata/elite/2010,45514,0,56
1620521661555,46177,HTTP Request,200,,Thread Group 1-161,text,true,,228,216,42,42,http://34.71.253.86/yelpdata/elite/2010,46177,0,58
1620521661569,46165,HTTP Request,200,,Thread Group 1-169,text,true,,228,216,40,40,http://34.71.253.86/yelpdata/elite/2010,46165,0,60
1620521661668,46066,HTTP Request,200,,Thread Group 1-217,text,true,,228,216,40,40,http://34.71.253.86/yelpdata/elite/2010,46066,0,51
1620521661565,46169,HTTP Request,200,,Thread Group 1-166,text,true,,228,216,40,40,http://34.71.253.86/yelpdata/elite/2010,46169,0,64
1620521661926,45808,HTTP Request,200,,Thread Group 1-347,text,true,,228,216,40,40,http://34.71.253.86/yelpdata/elite/2010,45808,0,57
1620521662088,45648,HTTP Request,200,,Thread Group 1-428,text,true,,228,216,36,36,http://34.71.253.86/yelpdata/elite/2010,45648,0,55
1620521662225,45511,HTTP Request,200,,Thread Group 1-496,text,true,,228,216,36,36,http://34.71.253.86/yelpdata/elite/2010,45511,0,52
1620521661514,46223,HTTP Request,200,,Thread Group 1-141,text,true,,228,216,34,34,http://34.71.253.86/yelpdata/elite/2010,46223,0,57
1620521661771,45966,HTTP Request,200,,Thread Group 1-271,text,true,,228,216,34,34,http://34.71.253.86/yelpdata/elite/2010,45966,0,57
1620521662001,45736,HTTP Request,200,,Thread Group 1-384,text,true,,228,216,33,33,http://34.71.253.86/yelpdata/elite/2010,45736,0,59
1620521661868,45869,HTTP Request,200,,Thread Group 1-318,text,true,,228,216,33,33,http://34.71.253.86/yelpdata/elite/2010,45869,0,56
1620521662220,45521,HTTP Request,200,,Thread Group 1-495,text,true,,228,216,30,30,http://34.71.253.86/yelpdata/elite/2010,45521,0,55
1620521661734,46006,HTTP Request,200,,Thread Group 1-251,text,true,,228,216,30,30,http://34.71.253.86/yelpdata/elite/2010,46006,0,62
1620521661969,45771,HTTP Request,200,,Thread Group 1-369,text,true,,228,216,30,30,http://34.71.253.86/yelpdata/elite/2010,45771,0,54
1620521662068,45672,HTTP Request,200,,Thread Group 1-418,text,true,,228,216,30,30,http://34.71.253.86/yelpdata/elite/2010,45672,0,56
1620521661576,46165,HTTP Request,200,,Thread Group 1-172,text,true,,228,216,30,30,http://34.71.253.86/yelpdata/elite/2010,46165,0,55
1620521661660,46089,HTTP Request,200,,Thread Group 1-214,text,true,,228,216,25,25,http://34.71.253.86/yelpdata/elite/2010,46089,0,56
1620521661975,45775,HTTP Request,200,,Thread Group 1-371,text,true,,228,216,24,24,http://34.71.253.86/yelpdata/elite/2010,45775,0,53
1620521661478,46272,HTTP Request,200,,Thread Group 1-124,text,true,,228,216,24,24,http://34.71.253.86/yelpdata/elite/2010,46272,0,52
1620521662140,45617,HTTP Request,200,,Thread Group 1-454,text,true,,228,216,22,22,http://34.71.253.86/yelpdata/elite/2010,45617,0,52
1620521661665,46092,HTTP Request,200,,Thread Group 1-216,text,true,,228,216,22,22,http://34.71.253.86/yelpdata/elite/2010,46092,0,51
1620521661986,45893,HTTP Request,200,,Thread Group 1-378,text,true,,228,216,20,20,http://34.71.253.86/yelpdata/elite/2010,45893,0,59
1620521661677,46202,HTTP Request,200,,Thread Group 1-222,text,true,,228,216,20,20,http://34.71.253.86/yelpdata/elite/2010,46202,0,54
1620521661820,46059,HTTP Request,200,,Thread Group 1-295,text,true,,228,216,20,20,http://34.71.253.86/yelpdata/elite/2010,46059,0,57
1620521661618,46261,HTTP Request,200,,Thread Group 1-193,text,true,,228,216,20,20,http://34.71.253.86/yelpdata/elite/2010,46261,0,64
1620521661734,46156,HTTP Request,200,,Thread Group 1-252,text,true,,228,216,16,16,http://34.71.253.86/yelpdata/elite/2010,46156,0,54
1620521662052,45838,HTTP Request,200,,Thread Group 1-410,text,true,,228,216,16,16,http://34.71.253.86/yelpdata/elite/2010,45838,0,56
1620521661745,46145,HTTP Request,200,,Thread Group 1-256,text,true,,228,216,16,16,http://34.71.253.86/yelpdata/elite/2010,46145,0,51
1620521662201,45689,HTTP Request,200,,Thread Group 1-484,text,true,,228,216,16,16,http://34.71.253.86/yelpdata/elite/2010,45689,0,57
1620521661804,46096,HTTP Request,200,,Thread Group 1-287,text,true,,228,216,12,12,http://34.71.253.86/yelpdata/elite/2010,46096,0,58
1620521661756,46144,HTTP Request,200,,Thread Group 1-261,text,true,,228,216,12,12,http://34.71.253.86/yelpdata/elite/2010,46144,0,61
1620521662167,45736,HTTP Request,200,,Thread Group 1-467,text,true,,228,216,10,10,http://34.71.253.86/yelpdata/elite/2010,45733,0,51
1620521661590,46313,HTTP Request,200,,Thread Group 1-180,text,true,,228,216,10,10,http://34.71.253.86/yelpdata/elite/2010,46313,0,53
1620521661759,46151,HTTP Request,200,,Thread Group 1-263,text,true,,228,216,8,8,http://34.71.253.86/yelpdata/elite/2010,46151,0,57
1620521661693,46217,HTTP Request,200,,Thread Group 1-231,text,true,,228,216,8,8,http://34.71.253.86/yelpdata/elite/2010,46217,0,61
1620521661693,46229,HTTP Request,200,,Thread Group 1-230,text,true,,228,216,6,6,http://34.71.253.86/yelpdata/elite/2010,46229,0,60
1620521662022,45919,HTTP Request,200,,Thread Group 1-396,text,true,,228,216,5,5,http://34.71.253.86/yelpdata/elite/2010,45919,0,52
1620521661529,46412,HTTP Request,200,,Thread Group 1-150,text,true,,228,216,5,5,http://34.71.253.86/yelpdata/elite/2010,46412,0,57
1620521661702,46239,HTTP Request,200,,Thread Group 1-235,text,true,,228,216,5,5,http://34.71.253.86/yelpdata/elite/2010,46239,0,55
1620521661768,46173,HTTP Request,200,,Thread Group 1-268,text,true,,228,216,5,5,http://34.71.253.86/yelpdata/elite/2010,46173,0,59
1620521662028,45920,HTTP Request,200,,Thread Group 1-399,text,true,,228,216,1,1,http://34.71.253.86/yelpdata/elite/2010,45920,0,57
